2021-05-13 19:07:54.891908,https://lh3.googleusercontent.com/LvqwyKNHvxu_5ZXqAQJ3gSzHevPfuzLP7OG6LaX7GHqkYWOVc3wJr6hJOnoA5ih2rKSHbCWSaPaaiIywEY_3RBx5Dvl4QSHmPbax=s0
2021-05-13 19:08:33.292288,https://lh3.googleusercontent.com/d4-qzM19GkKk1sGSYgd-3bOYXOLzNq0-sK6RXfw7mxH2si4nZkheUMsATqJwyZCWQN8_QdUuykekceu2Fvu65JsT7-DXYs64EWEGRNg=s0
2021-05-13 19:09:23.636429,https://lh3.googleusercontent.com/iGOtFwKglxLeUo26w6-QbnydIFhTWLaTQbrkUzm_2s_YAigsk3aIWgP86W_3OkXtBSkkk0j34Y0EgcjxWnNCShoiXlHzsx5xK9QjxA=s0
2021-05-15 10:42:05.754287,https://lh3.googleusercontent.com/WEG9QqojGsWlByXcbg2xqhe9X0-KKlhJnM9D_oBwRRI2zvCoXnyCQcl69I_A-Id0G9egneCK7UdxXh1ytiQ86Fod-iWKo9Gf6XFaVk0=s0
2021-05-15 10:44:11.413373,https://lh3.googleusercontent.com/qKBZksHGxrZn71vodQ16mdmoOn6C-4wxYUPixJIKZDSlXiTUnIVMLhwpqCytRAOKFXWDQa4J1fURBK_PtwjalQIHFsRuS6sf4wshOg=s0
2021-05-15 10:45:30.847343,https://lh3.googleusercontent.com/RoyRhg93cSYsVambabKQAwxroE6VsOMhwTlwzukZxD0lKJh8-FT-08vTZsVfEnptfdBaljJF1EJmzDK-onaadV1P5eBMXPdk1ANqNrY=s0
2021-05-15 10:47:51.221798,https://lh3.googleusercontent.com/JkrIkSzw04hBzlsFh4KLjwG2f2A-gzy_xoASjFKDiF4HZCbU_wm-Nrw1UbccJSD-hNLKSGcSwK7rYXRKNhtZO1hT03Wnkv-k8UIW=s0
2021-05-15 10:48:31.275691,https://lh3.googleusercontent.com/Xt3NexF-OhuAe4l-JV7vnmdE5NjByVCI_YVkoowjS_niJkeXh8Njk8iysPxrq6A2Qng1-nX2eF-OaZgw5xDbmdEe1DFDAfSRJWZA=s0
2021-05-15 15:01:25.564226,https://lh3.googleusercontent.com/abwzjhJR74jigz6tbEH4jTLhoXwLv6kE1B8G1iZhJX8SRzut5LtBXUltGq17_8qteHrbzG9V21006xbBgWt5n6RUTSHUksskBLFDnw=s0
2021-05-15 20:05:19.919204,https://lh3.googleusercontent.com/Bq0VIgLnjHQQyNVqZjGRl13H0dcuRwXY45TZH9FkWfSmniO2K5LYEvcs-Q6H82NqxJ5rf9ny2ru46GFezG2R9ziPSIpCKk4wZxRnTA=s0
2021-05-15 20:07:31.917579,https://lh3.googleusercontent.com/9oobVU2Vl8UCA5ZYlsp7r8WRr3oOsTmR866AdC7bKX8Gt6X2WDkZjqQPqCPMBsKCSUPprhrJEJJSRAPD22q9i63VIfe8EeiKsmrwTw=s0
